CreditScore,Age,Tenure,Balance,NumOfProducts,HasCrCard,IsActiveMember,EstimatedSalary,Geography,Gender,Exited
440,56,8,93683.32824935419,4,0,1,119692.5747726944,Germany,Female,1
748,66,4,51887.967970906844,3,1,1,158661.89659691008,Spain,Male,1
694,63,9,9034.623397885278,4,0,0,150861.58145048143,Germany,Female,1
597,26,7,96298.26806525614,4,1,0,178615.75746422235,Germany,Female,1
594,69,6,191866.46952712166,3,1,0,161348.76697011798,Germany,Female,0
786,51,9,130503.84015053265,2,0,1,50206.149532809446,France,Female,1
438,38,5,99101.31132572368,3,0,1,111619.60357027646,France,Male,0
713,49,7,22138.414805923225,2,1,1,60184.979859622414,Spain,Male,0
490,77,2,50487.25810991746,3,1,0,66627.29053074899,France,Female,1
442,71,9,58954.78991490854,4,1,1,186456.92947676926,France,Male,1
636,69,6,152960.71052144686,2,1,0,136697.28510834763,Germany,Female,1
839,46,7,175342.15945292386,3,1,1,194943.49223697005,Spain,Female,0
731,66,4,180328.3707132877,1,1,0,83965.59480703015,Germany,Male,1
742,41,8,196913.7216501508,3,0,1,107950.07709744133,Germany,Female,0
722,60,0,196473.33662090648,2,1,1,97935.96856336792,Germany,Female,0
753,57,1,190599.82655359627,2,0,1,22350.124447221657,France,Female,0
630,33,5,14364.428100576875,3,0,0,48103.69691079407,France,Female,0
457,34,7,27558.707185561037,1,0,0,105999.63576029195,France,Male,1
777,21,8,60893.30529520658,3,0,1,14407.486721468242,Spain,Female,0
602,26,4,110579.65081289229,3,0,0,186360.92393246896,Spain,Female,0
625,44,6,19395.577741095858,2,1,0,25644.892706730792,France,Female,0
566,47,5,169159.39156042848,1,0,1,40398.16853696451,France,Male,0
482,28,9,123351.23581546181,2,0,1,153298.92356378867,France,Male,0
817,43,6,108472.880460441,1,0,1,20289.973816073427,Spain,Male,0
751,55,4,33062.26467345823,2,1,1,180155.34182346647,Germany,Male,0
689,32,9,50651.09488003947,3,1,0,145414.49317378458,Spain,Male,0
581,38,1,32062.40499645161,1,1,0,14655.55056466292,Germany,Male,0
770,40,9,170386.63155895972,3,0,1,138677.56519584492,Spain,Male,0
645,49,1,116845.57201224363,1,1,0,126694.07989209224,Germany,Female,0
599,40,2,147025.8855039267,4,1,0,151712.53711524382,France,Female,1
602,63,8,59206.572582005145,3,0,0,165811.37264537785,Spain,Female,1
502,38,7,74250.52741765544,2,1,1,143951.76207145787,Spain,Female,0
441,44,9,80970.99288530675,3,0,1,117649.08275892341,Spain,Female,0
649,41,7,152002.99434880697,1,1,0,65170.200397773755,Spain,Male,0
799,29,6,154470.5975349136,1,1,0,139757.4587041559,France,Male,0
428,60,3,41362.70550280634,4,0,0,191437.34534152513,France,Female,1
786,32,0,188307.7713476198,4,1,1,117916.83432524597,Germany,Female,0
772,36,1,24131.06748873728,1,0,0,133204.62881841653,France,Female,1
524,67,2,179224.41648472607,2,0,1,87988.48039776034,Germany,Male,0
684,76,0,20079.12912996186,1,1,0,151468.0411388718,France,Female,1
474,59,5,52907.962230262216,2,1,0,199535.81107538854,Germany,Female,1
741,74,7,169295.7072135914,2,1,0,32917.47548947948,Germany,Female,1
715,70,9,35898.41446921749,2,1,1,41278.6506212487,Germany,Male,0
559,47,4,82713.58626199397,3,0,0,108348.11397421351,Spain,Female,1
430,65,8,89971.85998882524,1,1,0,96793.70405506999,Germany,Male,1
836,38,9,49051.79460464193,4,1,0,114742.38711683704,Germany,Male,0
600,46,8,142049.0402671973,3,1,0,10765.735497130336,France,Female,0
801,51,4,170266.92988044076,4,1,0,81451.01480975935,Germany,Male,1
705,77,3,174915.02797111435,1,1,1,117012.6741510466,France,Male,1
750,70,9,67864.42914731218,3,1,0,117453.07890968758,France,Male,0
741,48,2,106170.07885756288,4,0,0,131809.45839190634,Germany,Female,1
487,58,4,49681.2807731303,1,0,0,144322.9897715301,France,Male,1
563,30,0,48959.30031002909,4,0,1,128667.89346483046,Germany,Male,0
610,67,7,32250.812570384824,2,1,0,158258.38792249755,France,Female,1
624,52,6,188003.80216150294,4,1,0,125327.36630223374,Spain,Female,1
419,51,0,177597.76572111598,2,0,0,107964.0248449037,Spain,Male,1
645,65,2,155471.74266553845,4,1,0,121633.08934867437,France,Male,1
469,57,5,103532.30425754581,1,1,0,21137.479983913137,Germany,Male,1
734,22,5,98121.58310237438,2,0,1,55358.15160437848,Germany,Male,0
707,35,8,105949.13323649959,2,0,0,105952.55635096811,Germany,Female,1
815,28,2,107313.60271541786,1,1,0,174724.45586493972,Germany,Female,1
735,63,9,86912.61693953807,2,0,0,136131.25970131063,Spain,Male,0
564,20,4,26350.966578413492,2,1,0,18991.207615907617,Germany,Female,0
835,30,8,25132.770573707196,1,1,1,118862.71513843647,France,Female,0
584,55,2,190449.94316913665,3,1,1,45125.859539782694,Germany,Male,1
546,61,0,96406.15191727011,3,0,1,147069.29539795587,France,Female,0
807,49,0,190641.1049810378,4,1,0,165660.7296492407,Germany,Female,1
566,71,3,32715.375542021997,3,0,1,119097.7982454047,France,Female,1
434,74,9,110883.31040798672,1,0,0,118681.15934059024,France,Female,1
611,26,0,41543.450670307844,1,0,1,68379.697198952,Spain,Female,0
758,77,3,50636.92122532031,2,0,1,89803.75421110058,France,Female,0
485,56,1,6010.915752235757,2,0,1,172957.56240925373,Spain,Female,0
608,57,9,23790.662148042262,1,1,1,144940.74586246416,Spain,Female,0
458,23,6,183369.68152583914,4,0,0,104430.97827947278,Germany,Male,0
708,56,7,64306.59829646634,3,1,0,74278.24486342582,Spain,Male,0
614,62,7,121625.84238291832,3,0,1,11025.567919422316,France,Male,0
548,54,6,93002.8263978546,1,0,0,29458.47286395064,France,Male,1
502,23,7,80090.24904905567,4,1,1,39412.01271833476,France,Female,0
654,50,0,106377.21826921363,1,1,1,75303.32510847627,Germany,Male,1
701,76,8,37447.78892306831,2,1,1,188884.58576817866,Germany,Male,1
823,62,7,197720.7797039153,2,1,0,101525.52557689098,Spain,Female,0
596,26,7,163661.57374077258,4,0,1,47733.19248858698,Germany,Female,0
472,77,3,148322.92654630306,2,0,0,22044.2773548413,France,Male,1
774,77,8,93751.85940279049,1,1,0,68322.79939598984,Spain,Male,1
683,28,3,30575.424425267196,2,1,0,163330.39647466032,Spain,Female,0
715,67,0,184133.17165471357,2,0,1,77285.21588869108,Spain,Female,1
443,43,9,68277.41347634552,1,0,1,154728.65539846028,Germany,Female,0
540,54,2,10021.337939386754,1,1,1,160738.29024924888,Germany,Female,0
745,45,1,68480.73536212574,1,1,1,23053.333170042122,Germany,Male,0
774,66,6,158891.40609917688,2,0,0,122123.29077272996,Spain,Male,1
595,79,2,124541.74899764163,2,0,0,191860.11661085105,France,Female,1
762,67,8,150167.71694897194,2,1,1,81025.47690580723,Spain,Male,0
778,75,4,158727.07677247547,3,0,0,11137.873711601433,France,Male,1
574,76,0,42390.92221610852,1,0,0,184737.23536131784,Germany,Male,1
804,23,9,184756.66321863604,4,0,1,176849.5900329241,France,Female,0
529,33,5,87597.92058407451,4,1,1,104906.14799459136,Germany,Male,0
507,62,2,127802.72985283291,1,0,0,110898.37094845792,Spain,Male,1
707,54,6,461.75451734840055,2,0,1,43136.47945244885,Spain,Male,1
686,21,5,198673.6996822356,1,0,0,164070.70035338282,Spain,Female,1
462,23,0,56179.277192831025,2,1,0,100221.40764003315,France,Female,0
774,50,7,12412.621308031046,2,0,0,7741.681233368746,France,Male,0
489,56,4,91652.40830730279,1,0,1,136919.97633335055,Spain,Female,0
762,28,6,25806.01143640835,1,0,0,190148.7576907385,Germany,Male,0
403,28,8,30465.34203151514,2,1,0,166000.9475788043,France,Female,0
758,26,6,126456.56260604203,3,1,1,56162.42990189742,Spain,Male,1
754,53,6,78585.47831404665,2,1,1,11611.69190173479,Germany,Female,1
751,18,2,184370.490030999,4,0,1,188129.93109509794,France,Female,0
699,53,2,63831.29892161401,2,1,1,187475.48225106057,Spain,Female,0
612,47,4,145236.02567678023,4,0,1,106950.648622861,Germany,Female,0
717,46,8,92219.88603098152,1,1,1,128821.1649226355,Germany,Female,0
524,60,5,131990.26022585577,3,0,1,93057.41208145085,Spain,Female,0
751,50,3,119939.07134319808,4,1,1,84533.30805265298,Germany,Female,0
650,63,7,94556.79455179964,1,1,0,24770.23874981137,Germany,Male,0
606,65,8,190012.21892488742,4,0,0,20253.82677385811,Germany,Male,0
627,75,9,68542.72855099117,2,1,1,47313.69718856131,France,Male,0
655,67,2,35447.10024985451,2,0,0,167491.5085349023,France,Female,0
416,50,7,135618.81217596566,3,0,1,30020.62784640032,Spain,Male,0
462,48,5,169201.51226158175,3,0,0,46113.03173102743,France,Male,0
510,32,4,8050.747987984752,1,1,1,110174.1978051193,Germany,Female,0
451,55,3,89926.53768453612,4,0,0,43811.1123975766,France,Male,0
597,26,1,178497.53793746527,3,1,1,33478.130258839636,France,Male,0
700,75,2,149923.7237845735,4,1,0,113099.93209789449,Germany,Female,1
694,70,5,198361.54329952566,2,1,0,74250.56092832648,Spain,Female,0
611,25,8,106282.76231944875,3,1,0,125605.69788225337,Germany,Female,0
784,66,8,131999.14376023025,2,0,1,182528.8627413266,France,Female,0
654,25,1,60496.05622758563,4,1,0,31047.633155578464,France,Male,0
435,62,6,189507.11993319847,4,0,1,182773.29830279973,France,Male,0
744,23,0,73267.09771130726,4,1,0,180595.5035171608,Spain,Male,0
658,48,6,147702.1425373257,3,0,0,165988.42908384468,France,Female,0
685,58,3,80628.04082381638,4,1,1,126625.89754391095,Germany,Female,0
654,63,4,112363.78601259987,2,1,0,124409.18483564394,France,Male,0
649,43,7,143956.50700430924,2,1,0,128203.31932736382,Germany,Female,0
440,75,4,101786.83035027086,4,0,1,138408.61469234483,Spain,Male,0
651,66,8,181417.2653819017,1,1,1,4279.957918635246,Germany,Male,0
757,30,5,83860.19758556204,3,0,1,191660.42325296928,Germany,Female,1
536,59,9,129414.35962866503,1,0,0,117535.14853165038,France,Male,0
671,63,6,68472.48666001082,3,0,1,156511.7020410819,France,Female,0
413,38,2,81631.3336462026,2,1,0,76079.08597321126,Spain,Female,0
556,63,7,88010.02164671048,2,1,1,3467.0455692433957,France,Female,0
596,73,4,25161.40366245705,2,1,1,102437.19731541234,Germany,Female,1
842,68,5,18344.73581180134,2,0,0,101930.83374386987,France,Female,1
496,65,1,133497.9846293516,2,0,0,87960.86837397891,France,Male,1
524,57,1,131103.54766861047,2,1,0,68603.69377825328,Germany,Male,0
583,34,5,132581.94284201905,3,0,0,50715.39147413469,Spain,Female,0
846,67,1,3953.289068538335,4,0,0,105981.43002493937,France,Male,1
784,40,9,65309.368534355985,3,1,1,75680.34979900533,Spain,Male,0
415,50,8,39561.96945183939,3,0,0,194016.44472691193,Germany,Female,1
505,37,7,155630.28450880246,4,1,0,35412.534245619354,Spain,Female,0
769,37,7,172126.08027922604,4,1,1,64613.44795779031,France,Female,0
426,27,5,49336.075445229464,1,1,0,59498.13371398963,Spain,Male,0
785,77,0,133569.83176959728,3,1,1,109118.52607095544,France,Male,1
526,27,3,25872.56069165489,1,1,1,100356.77113785544,Spain,Female,0
812,23,4,55030.50512034266,1,1,1,129104.35261943034,Germany,Male,0
532,76,9,27730.899246683904,4,0,0,190050.35234426736,Germany,Female,0
595,52,2,56704.15331984584,1,0,0,57758.99601327961,France,Male,0
697,45,4,134947.3094698556,4,0,1,138861.5422817443,Germany,Male,0
456,63,3,182065.3820370505,4,1,1,5983.00039803154,France,Male,0
650,41,1,40504.481584837195,4,1,0,53215.30607399128,Germany,Female,1
627,25,1,108415.80699014384,3,0,1,93280.22587132196,Spain,Female,0
752,63,3,140278.22024868647,4,1,1,7167.962907745758,France,Male,1
848,28,0,190584.49369711315,1,0,0,123916.22265017414,France,Female,0
698,52,0,122012.09657743477,4,1,1,135983.81107193994,France,Female,0
584,76,3,51021.38620547614,1,1,0,149599.61125277128,France,Female,1
582,76,2,125095.63138278725,2,1,1,103798.32646375944,France,Male,1
588,40,5,64098.232335603236,1,0,1,121184.9883307467,France,Female,1
766,66,0,195225.67813834155,2,0,1,79816.98500441897,Germany,Male,0
544,55,3,79935.22703272737,3,1,0,9209.353468805944,France,Male,0
475,47,4,137085.54415220284,2,1,0,20890.419299128094,Spain,Male,0
550,26,9,4645.516469351696,4,1,1,131344.18891609134,Spain,Male,0
410,41,6,80012.28922695108,3,0,1,199115.50461756947,Spain,Female,0
447,58,8,175021.52266450232,3,0,1,4144.84459349594,Germany,Male,0
440,79,3,122045.48888664917,4,0,0,111959.11586845017,France,Male,0
747,18,4,88788.57727919526,2,1,0,150450.741823629,Spain,Male,0
725,62,4,187187.49988714518,2,0,1,165528.19077476187,France,Male,0
713,70,8,170796.8752294458,4,0,0,109495.77534330537,Germany,Male,0
607,76,9,64443.13476458765,3,0,1,124363.28005663691,Germany,Male,1
722,44,9,108909.68040826792,3,1,0,139648.26410963613,Spain,Male,0
472,25,7,97964.85121849255,2,1,0,171934.2836889927,Germany,Female,1
805,34,5,126440.50002297247,1,1,0,25335.61790336091,Spain,Female,0
625,70,5,66822.25339175112,1,0,1,185310.2570586978,Spain,Female,0
822,72,9,48841.00015317765,1,0,1,6177.463306762431,Germany,Male,1
468,57,2,182534.36705110723,1,0,0,167403.7504405973,Spain,Female,0
623,25,3,184774.89989970127,3,0,0,16271.344885379754,France,Female,0
713,25,8,168664.5771523958,1,1,1,39731.01410937953,Spain,Male,0
623,47,3,195640.88615291225,3,1,0,1774.9351298453898,France,Female,0
600,54,2,148998.3051559377,4,1,1,89606.0844016721,Spain,Male,0
474,20,5,152933.44571239993,4,0,0,67537.48611676107,Germany,Male,0
571,60,3,152518.01839252815,2,0,0,34032.589385918436,Spain,Female,1
507,51,8,96121.5261884613,1,1,0,90766.94199997735,France,Female,0
535,18,9,91290.43890285434,4,0,1,81071.80575126459,Germany,Male,0
707,23,3,48045.255229800634,1,0,0,153764.54550704957,Spain,Male,0
683,46,5,128963.8388718581,3,0,1,178732.93090793645,France,Male,0
673,62,9,57864.02722046691,3,0,0,130860.88310164929,France,Male,1
562,69,7,51561.68194047088,1,1,0,25757.66735657825,France,Female,1
831,44,2,117192.27481921096,3,1,1,59782.76814726028,France,Male,0
439,36,5,81996.47764500864,1,0,1,182750.34106962368,Germany,Female,0
554,78,6,43771.32175892644,1,1,0,18658.16410856994,Germany,Female,1
453,46,6,163211.2033505662,4,0,0,81964.31203877447,France,Male,0
552,37,0,172113.9838588752,4,0,0,188558.4192274628,France,Female,0
832,45,2,33539.90393555619,2,0,1,190182.30345242764,France,Male,0
564,18,8,1501.4065599999738,4,1,0,82829.4322327296,Spain,Male,1
808,36,2,67225.99370587475,4,1,0,133811.98073166067,Spain,Female,1
622,49,2,159502.1671361505,4,1,0,91892.37407244579,France,Male,1
714,74,3,167834.77324686488,1,0,1,150938.647347832,France,Male,1
605,63,1,27665.814023209845,2,0,0,7284.684807906704,France,Female,1
519,66,1,154867.18023661023,3,1,1,29687.27263535033,Spain,Male,1
743,51,3,23140.83346188589,4,0,0,123225.56190517625,Spain,Female,0
836,24,8,78012.51803130584,4,0,0,47277.90022616966,Spain,Male,0
518,42,0,199721.90300238316,2,1,0,133544.40755456057,France,Female,0
750,79,2,38518.16464618196,1,1,0,70893.36256479837,Germany,Male,0
517,20,0,30792.716515525288,4,0,0,177442.46606743647,France,Male,0
722,72,5,84560.0665093587,2,0,1,164032.6177264373,Spain,Male,1
755,60,2,123933.70519397229,2,1,0,99074.72221368765,Germany,Female,1
602,35,7,186580.15648265064,4,0,1,154806.1223318767,France,Male,1
731,66,5,196164.22910660686,3,0,0,54956.439360782984,Spain,Female,1
522,69,7,13928.127318278926,2,0,0,99357.69558556066,Germany,Female,1
435,20,6,27599.503469581065,1,0,0,40298.92832079235,Germany,Male,0
443,24,4,158147.5947791988,2,1,0,172316.34753567778,France,Male,0
601,59,8,54126.43045417209,4,1,1,164790.45569711455,France,Male,0
806,79,4,176969.81190127213,2,1,0,180527.78401339124,Spain,Female,0
457,19,9,132690.65144581735,3,0,1,175617.9192636276,France,Male,0
605,59,9,22368.960476135435,2,0,1,191959.65614983946,France,Male,0
716,26,5,166505.85698480142,4,1,1,46438.910094753264,Spain,Male,0
491,58,6,35271.27600161517,4,0,0,186433.03386826778,France,Female,1
724,56,2,84699.07893593077,3,1,0,114671.42507904753,Germany,Male,0
537,23,8,110436.985711866,4,1,1,85076.52169971228,Spain,Male,0
763,60,6,100153.22981605565,3,0,0,112514.40529760673,Germany,Male,1
660,73,9,137232.58312303008,2,1,0,69177.86897340529,Germany,Female,1
646,71,2,130537.34697385105,3,1,1,58422.048385229464,France,Female,0
479,19,7,198408.40110561097,4,0,1,49021.55325752823,Germany,Female,0
608,33,4,199884.38184483757,4,1,1,17403.169901968235,Germany,Male,0
785,32,1,103291.88052712819,1,0,0,99816.4145322903,Germany,Female,0
408,46,1,19039.817392172798,3,1,1,177664.5734670636,France,Female,0
741,26,5,145568.65979374366,1,1,0,126400.24188560255,France,Male,0
621,70,3,195332.81564331782,3,0,1,104674.15091839893,Spain,Female,0
723,66,1,63665.277525804064,3,1,1,86289.99073193238,Spain,Male,0
698,68,4,92241.77716751477,2,0,1,93415.9236371212,Spain,Male,0
594,30,6,84955.38496309119,4,1,1,42646.19216681823,France,Female,1
538,18,3,10283.830911385872,4,1,0,164764.23956142634,Spain,Female,0
682,74,9,134452.88624468897,1,1,0,40478.20969302408,France,Male,1
463,35,7,70667.53901369356,1,1,0,143607.9285887353,Germany,Female,0
662,58,5,157492.77492630045,1,0,0,152237.01728773437,France,Male,0
442,74,9,166424.0150563972,4,1,1,115398.93936351912,Spain,Female,0
692,20,4,164246.1573195691,3,0,0,172722.34861601086,France,Female,0
682,18,1,83333.19960797603,3,1,1,58919.020137679356,Spain,Female,0
437,18,0,64309.1364481799,4,0,0,176441.8270273298,France,Male,0
740,27,9,149764.15593341098,4,1,0,146152.68146026152,Spain,Female,0
587,21,9,160277.8867685446,1,0,0,159951.21572459038,Germany,Female,0
754,68,7,98251.48927827323,1,1,1,133251.3621959355,France,Female,1
418,55,1,178606.2039072606,2,0,1,169422.2603810039,France,Female,0
480,78,2,28781.739215711656,2,1,1,198626.67368080956,Spain,Female,0
622,67,0,175813.75593179202,3,0,0,84612.40805040309,France,Male,1
484,77,0,19219.046594376254,1,0,0,162969.2210582045,France,Male,1
548,32,2,30705.10441092278,2,0,1,149171.37214408867,Germany,Female,0
697,35,5,106768.00265479207,1,0,1,91121.16297669159,France,Male,0
465,70,0,13503.696037483003,1,1,0,185462.85094676988,France,Male,1
704,33,9,10561.420280022072,1,0,1,79490.75998494634,Germany,Male,0
446,21,4,103.74883314110406,1,0,0,113527.71733897127,Spain,Male,0
478,59,2,87263.33193885263,3,0,0,22082.52904120135,Spain,Female,0
664,67,5,154924.77625844596,2,0,1,45929.26361918698,Spain,Male,1
757,78,7,6967.670055983132,2,1,0,168298.53793621837,France,Male,1
476,75,3,130451.52129317108,2,1,0,79913.99184294062,Germany,Male,1
534,25,0,164625.4634832373,3,0,1,79422.73379363638,France,Female,0
816,65,0,33600.16971557422,4,1,1,49950.222619933425,Spain,Male,0
845,70,8,29372.74696428085,3,1,0,98830.45652519343,Germany,Male,0
661,61,1,172160.19472410722,3,1,0,161357.57530877387,France,Male,1
601,68,6,164624.92199001895,3,1,1,179137.65943697418,Spain,Female,0
556,69,3,107788.35325283738,3,1,1,14952.771976792592,France,Female,1
675,45,7,163839.97585879607,1,0,1,115389.32551678298,France,Male,0
665,20,0,18551.215484898952,4,1,1,93987.40021057457,Spain,Female,0
532,46,8,78896.30358775088,1,0,0,123242.08824384409,Germany,Female,1
410,30,6,147559.5112212746,2,0,1,90007.86169474556,Spain,Male,0
468,25,4,51490.39186479267,3,1,0,80330.31934982962,Germany,Male,1
831,25,2,150465.78288671054,2,0,0,94904.26177346839,Spain,Female,1
588,61,9,100835.72087816277,1,1,1,116817.82662252641,Germany,Female,0
617,49,3,150053.19758964662,4,1,0,100695.65899532358,France,Female,0
610,51,4,92935.92757146592,1,1,1,94956.74575310858,France,Female,1
752,64,3,73580.86804436352,1,0,0,163749.22668165807,Spain,Female,0
429,51,2,43837.84329572647,4,0,1,149383.9502563337,France,Male,1
437,57,4,41675.868287003,3,0,1,68934.32034205737,Germany,Male,0
524,23,1,150298.1621142792,1,1,0,160314.84638554876,France,Female,0
618,70,0,23782.0696067921,4,0,0,170876.48313189554,France,Female,0
702,45,2,17196.470022189027,4,1,1,31544.94886946391,Germany,Male,0
620,27,1,35258.27300442603,1,0,0,116953.80988442099,France,Female,0
598,68,4,35069.30229078438,2,0,0,57777.08672624354,Germany,Female,0
822,63,8,164621.52456137995,2,0,0,148095.2920634178,Spain,Female,1
472,21,1,79701.32469484248,1,0,1,48518.280542377965,France,Male,0
657,29,0,198077.69147209649,1,0,0,134609.30131043334,France,Female,0
644,18,1,27442.251558122476,1,0,1,51769.80655546915,France,Female,0
613,34,5,130707.96513872867,1,1,0,102717.60892255869,Spain,Male,0
763,24,2,89745.90144025012,2,1,0,189780.64711532224,Germany,Female,1
520,62,4,78583.63533941479,2,1,0,76880.20015283047,Germany,Female,0
829,50,0,175016.83981081645,1,0,1,175271.95870667833,France,Female,0
549,78,3,195119.12916567991,2,0,0,197401.97165957504,Spain,Male,1
645,64,4,174571.79175483575,1,1,0,175095.3189122275,France,Male,0
634,55,4,38460.13580702661,4,1,1,34007.33991494523,Spain,Male,0
782,49,5,44159.58424178681,1,1,0,164111.98568749745,France,Female,1
597,21,7,131214.77581901266,4,0,0,7397.729625011689,Spain,Female,0
528,22,4,57816.71632763834,3,0,0,79267.07485616226,France,Male,1
409,56,8,146945.026156116,4,1,0,174275.9412902549,France,Male,1
563,18,5,113284.13016192893,3,1,1,138061.69033922403,Germany,Female,0
771,20,2,110181.75369808059,2,1,1,107015.34504023773,France,Male,0
404,31,2,165709.38496775716,3,1,1,78184.94099144149,France,Male,0
803,72,3,142106.55434853557,2,0,1,162647.09234758693,Germany,Male,0
644,46,5,5315.552999458339,1,1,0,142202.12238569596,France,Male,0
463,61,2,9891.827429203136,2,1,0,94212.658603519,Germany,Female,0
535,43,9,120311.69049120313,2,1,0,178604.3831047223,Spain,Female,0
649,28,4,97238.4151244551,1,1,1,46759.655545907844,France,Female,0
542,41,8,52036.93106859828,1,0,0,34907.91032256635,Germany,Female,0
448,23,6,83731.21746296033,4,1,1,128917.94910238273,France,Male,0
699,65,3,151582.0637465721,3,0,0,194426.8741976523,Germany,Male,1
702,29,2,165322.296931586,2,1,1,50204.05808804729,France,Male,0
453,41,7,112244.61357800884,4,0,0,50684.40540783147,France,Female,0
526,78,3,77073.8961714206,1,1,1,28760.270744475794,France,Male,0
509,54,2,54139.352299021404,2,1,1,172252.1474994528,Spain,Female,0
696,46,9,104383.6941538507,4,0,1,46053.11054185548,France,Male,0
728,51,4,62949.923712876196,3,0,0,101132.52681825268,Spain,Female,0
727,66,0,112819.02740944458,2,1,0,198183.6231224387,Spain,Female,0
822,33,4,135330.47650192754,2,0,1,3416.039283486669,Germany,Female,0
745,57,4,13215.842183878967,1,1,0,111740.73201164803,France,Male,0
544,72,8,213.49300454944765,1,1,1,102945.51949828421,Spain,Female,1
448,53,7,42455.42776814859,1,1,1,161682.02790562078,Spain,Female,0
676,45,1,178902.2995437562,4,0,1,71701.02637100262,France,Female,0
812,26,1,129258.15264571183,3,0,1,82657.93042090927,Spain,Male,0
838,33,6,34392.07038740457,2,1,1,34419.65813917387,Spain,Female,0
503,76,0,178052.79236472375,4,1,0,148422.23109552154,France,Female,0
506,51,3,93991.188057468,1,1,0,157157.0729284415,France,Female,0
416,36,1,95218.35133573214,1,0,0,28196.000834987222,Spain,Female,0
463,43,0,187108.38876853103,2,1,0,79297.95772367602,France,Male,1
649,53,9,11897.338436668004,4,1,1,178688.0940771739,Germany,Male,0
646,51,0,43035.65492574371,3,1,0,1538.7474614816447,France,Female,0
566,61,0,117154.26503094449,4,0,0,60453.05505390382,Spain,Male,0
539,33,9,39097.301916400815,1,1,1,111453.414725457,France,Female,0
773,58,1,135905.40184179155,4,1,1,67484.6780723307,France,Male,1
607,45,8,42818.45786734404,1,0,0,55136.99264635621,France,Female,0
763,76,0,19831.39411976287,1,1,1,92547.45949573931,France,Female,1
833,27,1,41397.03192816795,3,1,0,37123.098513829056,Germany,Female,0
542,27,1,84546.80685441245,1,0,1,106395.42295093728,France,Female,0
491,46,7,35227.65983461597,4,1,1,141632.48834133195,Spain,Male,0
828,49,6,26938.40498466946,4,1,1,115483.69557307193,Germany,Male,1
685,60,4,172056.37724378819,3,1,1,19528.75684084765,France,Male,1
530,43,2,64079.44071946156,2,0,1,169037.31421894906,Spain,Female,0
679,74,0,72151.73730365072,1,1,1,35820.58966001015,Germany,Male,1
631,47,5,11054.081900245526,3,1,1,153197.5881216146,Spain,Female,0
807,26,2,71473.92470041083,3,0,0,72752.45704439424,France,Male,0
515,25,5,52961.43546431593,4,1,1,156769.50826316437,Spain,Male,0
846,78,6,122097.0134683577,3,0,1,42048.30777766381,Germany,Female,1
821,26,8,41078.059534481334,1,0,1,38145.75863539053,Spain,Female,0
481,76,4,177673.0906125681,1,1,1,99908.14339727897,Germany,Female,0
474,35,0,185933.32418391103,4,0,1,7554.266924973738,Spain,Male,0
639,23,2,19966.21143535804,1,0,0,45834.17041768434,Germany,Male,0
420,36,8,21480.59125771544,4,0,0,145078.4381846853,France,Female,0
534,56,5,23065.287622197593,1,1,0,167639.31218277966,France,Male,0
595,44,6,123913.8512620624,3,0,1,17076.28742362428,Spain,Male,0
836,66,4,24393.792841924576,4,1,1,176533.46417818277,Spain,Female,1
846,55,1,170476.46358605326,2,1,0,159705.92360658263,Germany,Male,0
468,42,8,150854.3029875785,1,1,0,174067.1748456861,Spain,Female,0
801,57,7,163961.77164760482,4,1,1,139987.28236118914,France,Male,0
440,78,9,105212.10537720418,1,0,1,135156.460391499,France,Female,1
736,43,8,199335.4423038307,3,0,1,105493.5534356279,Germany,Male,0
780,27,2,8835.020588832254,4,1,0,130904.65767377168,Germany,Female,1
800,43,2,80252.99283722267,3,1,0,183902.82324875443,Spain,Female,1
500,70,2,64787.333787527234,1,1,0,21003.878281924975,Spain,Female,0
802,31,9,189729.0997425282,4,0,0,63837.131091372146,France,Male,0
452,76,5,115372.19169951857,1,0,1,15418.539745578495,Spain,Female,0
633,54,4,161238.19308894506,3,1,0,189016.22921686366,Germany,Male,1
611,55,9,34068.23873170377,3,1,1,89607.8277338782,Spain,Male,0
542,37,6,195726.8287800878,2,0,1,135393.5496645615,France,Male,0
409,75,9,99727.90937526303,2,1,0,168382.89283635997,France,Male,1
747,20,9,98734.41525412916,1,1,0,198209.04936722122,France,Male,0
551,36,0,194176.94570914758,4,0,1,33194.70910066088,Spain,Female,0
697,43,3,76146.472243429,1,1,0,160103.0085379275,France,Male,1
584,47,7,79505.00491099858,2,0,0,177597.15672921055,Spain,Female,0
568,47,8,116950.54056098733,3,0,1,10726.199993324248,Spain,Male,0
798,27,1,25610.522109557387,3,0,1,151064.0214769291,France,Female,1
442,31,3,64217.12528237098,3,1,1,71590.33891811351,Spain,Male,0
731,23,5,38641.66448902611,3,1,0,130070.76150261598,France,Male,1
736,53,7,20656.69582140992,3,1,0,103295.59101173408,France,Female,1
570,39,1,173228.921266204,4,1,0,52688.70816524075,Germany,Male,0
518,53,6,117866.2332254952,2,0,0,27909.051038793223,France,Female,0
402,54,2,71734.55830558224,4,0,0,24272.49938475245,France,Female,1
821,61,2,81733.87547334256,4,0,1,21561.24868398985,France,Male,0
826,51,5,86303.80073747093,4,1,0,127920.21798678098,Germany,Male,0
508,58,4,126629.83642894188,4,1,1,70930.75942850808,France,Female,0
414,54,6,185353.87829779866,4,1,1,44110.05420296862,France,Male,0
455,58,3,186555.9239313965,1,0,1,138685.1334484747,Germany,Male,1
430,56,8,78298.39590613268,4,0,0,137683.0635875269,Germany,Male,1
774,37,0,65852.49191955391,3,0,0,108294.49017904254,Spain,Male,0
801,33,8,90209.30003705101,2,0,1,187056.60555630433,France,Female,0
468,66,0,113586.84608569852,3,0,0,77697.43205684284,Germany,Female,0
736,39,7,92363.58228994966,2,1,1,167336.73128258932,Spain,Male,0
480,52,3,131750.68196334018,3,1,0,15952.742178507066,Germany,Male,1
565,30,3,110879.80467595274,4,0,0,148226.38771366238,France,Female,1
669,44,0,64143.109338815215,1,0,1,197701.03535255408,Germany,Male,0
723,50,7,69146.16115252652,2,1,1,169473.04504127556,Germany,Male,1
793,56,1,75718.55751194619,4,0,0,116353.27914270181,France,Male,1
420,50,6,18927.953649877738,2,0,1,125726.44680110496,Germany,Female,1
488,40,7,33212.52648279462,4,1,0,71304.62033795241,France,Female,0
526,77,8,144622.76042907723,1,1,1,136217.5584333627,Germany,Female,1
539,49,7,77819.342304416,3,1,1,154308.6812530841,Spain,Male,0
849,68,3,42907.79451202873,4,0,1,199647.46774245292,Germany,Male,0
749,63,7,112534.48211497146,4,1,1,99000.12048308617,Spain,Female,0
544,52,8,151107.90849468546,1,0,0,13199.509088915012,France,Male,0
837,72,3,51484.47246907428,4,0,1,119575.73219546606,Spain,Male,1
624,25,1,165357.9763847489,2,1,0,24685.80584645155,Spain,Female,0
625,75,8,185500.97192500992,2,1,0,49708.243667665905,Spain,Female,1
595,70,1,119478.90581476815,2,0,0,66427.20234984171,Spain,Male,0
464,49,5,133789.53179831593,3,1,0,146474.94475653372,Germany,Male,1
820,63,2,10515.198064611075,3,0,1,37577.81665182161,Germany,Male,1
406,50,1,189103.9782043813,2,0,0,33984.836421628155,Spain,Male,0
478,34,7,78496.94685298875,1,0,0,9947.884257266665,Spain,Female,0
503,67,1,184780.08010908597,4,1,0,174774.74733442228,Germany,Male,1
525,33,6,115795.50495004852,1,1,1,139007.57944685608,France,Male,0
459,37,6,923.7597686655218,1,0,1,8949.346657907672,France,Female,1
408,50,0,7708.399864687143,3,0,1,6630.168821984801,France,Female,0
704,69,1,136083.7611339844,2,0,0,112176.18499853616,France,Male,0
836,41,7,112533.60276638663,3,0,0,57224.345856055494,France,Male,1
454,48,5,5306.487441214869,4,0,1,119748.54373595383,France,Male,0
533,20,1,148691.99224447706,1,0,1,87486.2309605121,Spain,Female,0
627,25,9,170429.06741383634,2,1,1,184739.19989974066,France,Female,0
817,21,2,99283.49648786166,3,0,1,58273.99397731221,Germany,Male,0
712,22,0,93151.48807145099,4,0,1,136149.92831933982,Germany,Male,0
744,71,9,1094.6217669254966,3,1,1,11756.808012101239,France,Male,0
661,70,0,157329.94249871984,2,0,0,191216.24630359616,Spain,Male,0
587,68,5,66143.21334922109,3,0,0,196170.73611376208,Spain,Female,0
489,21,9,175752.72395650792,4,0,0,148075.85117426608,Spain,Male,0
788,22,5,74612.1175116106,2,0,0,93577.28184115105,Spain,Female,0
761,35,5,113015.58212614112,4,0,0,44778.69442612501,Germany,Male,0
411,53,3,54068.357639865506,4,1,1,162690.75170934497,Spain,Female,0
721,38,1,32117.662516983735,2,0,0,147534.46533225744,France,Male,0
437,48,5,154981.58067626558,1,1,0,45168.85387262886,Spain,Male,0
732,28,8,99318.09576925632,4,1,0,90791.84353729588,Spain,Male,0
771,63,0,107297.58475045014,1,0,0,93096.98862554022,France,Male,0
458,37,8,193083.1906963471,2,0,0,165455.69944456912,Germany,Male,0
595,22,4,192715.98244443073,1,0,0,137085.09218248122,Germany,Male,1
455,64,5,171128.4243404807,3,0,1,128990.34116447097,France,Female,0
655,73,1,37521.858553006714,2,1,1,130315.6570900924,Spain,Female,0
817,18,6,118854.53886031598,3,1,0,54823.5457971133,France,Male,0
436,45,1,175629.4849311075,4,0,1,74970.54070607727,France,Male,0
578,69,2,74892.78728978755,4,0,1,10086.794801904522,France,Male,0
837,61,7,20221.233187116995,4,0,1,157601.28602661262,Spain,Male,0
535,71,0,162192.58044798436,1,1,0,87166.64481879295,France,Male,0
459,43,4,96352.71027243433,2,1,1,88209.43306042714,Germany,Male,1
619,41,5,112878.53607183571,1,0,0,49825.896721791716,Spain,Male,0
628,61,1,196428.85926356888,4,0,0,42676.029010426355,France,Male,0
698,27,2,121442.28609881442,3,0,0,117976.56398423681,Spain,Female,0
541,32,3,84995.87713322027,2,0,1,47278.05002553148,France,Male,0
830,55,6,73996.87356943956,3,0,0,13777.561461527417,Spain,Female,1
634,59,9,83523.85853080913,3,0,0,153733.97578019876,France,Male,1
528,25,8,23679.816635733754,2,0,0,75917.41744686682,France,Male,0
832,49,1,158950.11168351435,2,0,0,76666.88119596159,Spain,Male,0
816,40,0,167543.3716374082,1,0,1,86832.33802164247,Spain,Female,0
624,49,0,56879.426914681775,2,1,0,163193.91985821066,Spain,Male,0
411,77,5,60759.32368198882,2,1,0,64846.54229202361,Spain,Female,1
668,22,1,174866.85126696265,4,0,0,151849.20604030936,Germany,Male,0
649,79,2,4794.0711055910915,4,0,0,187969.4233151291,France,Female,0
466,45,8,104091.48875344553,4,1,0,132512.77098903508,France,Female,0
685,65,8,92735.14293630021,1,1,1,86904.53515422791,Germany,Male,0
778,44,8,138025.35391569196,4,0,0,149810.15490618628,Germany,Male,1
447,37,2,32678.340029890896,2,1,0,92121.57658052571,Germany,Female,0
725,65,6,133666.14815903074,2,0,1,83471.02695052003,France,Female,0
463,60,6,75346.80157497528,4,0,1,105531.34955096396,Germany,Female,0
736,26,1,123742.9556339284,4,1,0,64226.74462704946,France,Male,1
588,61,5,8019.0019745551845,1,1,0,21745.793039720236,France,Female,0
402,64,5,92345.43943690187,2,1,0,83555.54909970687,France,Female,1
834,42,3,104450.17879647443,3,0,1,25647.519344731085,Germany,Female,0
474,75,7,42865.28057099732,3,1,0,82677.8532375339,Germany,Female,1
668,57,6,27924.730835824143,2,0,0,111829.81052147661,France,Female,0
481,38,5,37694.86060246028,3,1,1,186211.5250599237,Germany,Male,0
819,18,7,68828.2156126696,4,0,0,8208.243878015415,France,Male,0
732,59,7,19362.02986099429,1,0,0,124670.2228938869,France,Female,1
761,30,5,189463.9591459209,3,1,1,92089.30214336538,France,Male,0
594,64,2,80998.81229916346,3,1,0,5031.964512623694,Germany,Male,1
610,50,7,161793.92050134978,4,1,1,50660.08701180535,Spain,Female,0
685,46,7,194883.42462176934,2,0,1,24578.565218605512,France,Male,1
753,28,9,16147.056000547822,1,0,0,44142.0350005575,France,Male,0
781,62,1,130333.8935869988,3,1,1,55639.478448722715,France,Male,0
408,28,4,174281.8173482428,3,1,1,80859.96074105706,Germany,Female,0
698,43,9,126846.88679334566,2,0,1,106278.83930428917,Spain,Female,0
449,69,5,85805.22427148254,4,1,0,1197.0087913508341,France,Female,1
529,75,9,86215.27152758765,4,1,0,33212.00276511942,Germany,Female,1
773,79,0,7179.777201471782,1,0,0,19619.71073615134,Spain,Male,1
512,77,0,106920.15025785506,4,1,1,110385.006453286,Spain,Male,0
758,52,7,198708.59935736947,1,1,0,66485.8992098527,Germany,Male,1
608,30,3,191741.50519438682,2,1,1,110131.1494709089,Spain,Male,0
504,70,5,8079.845768432637,1,1,1,45142.83713276089,Spain,Male,0
550,67,4,141159.40072589763,2,0,1,5821.641463429388,Spain,Female,0
638,79,4,60352.97333938616,4,1,0,188332.01335277912,France,Female,0
744,58,9,180597.83068122735,2,1,0,22553.31611660981,France,Female,1
672,26,0,9022.949141855708,3,1,1,26244.890844381647,France,Female,0
819,49,7,187174.8204022161,1,1,0,30162.81847551796,Spain,Male,1
790,45,8,167495.14875755538,3,0,0,196274.02827466128,Germany,Female,0
739,70,6,23500.876450520303,2,0,1,123914.38779382923,France,Female,0
671,42,3,11964.86746345984,3,0,1,122447.70038906626,Germany,Female,1
530,38,1,166941.53286538718,4,1,1,197352.9421021874,France,Male,0
585,22,6,31151.534194915876,3,1,1,18599.3150856563,Spain,Male,0
453,69,4,106979.63059517411,1,1,0,194925.67761591554,Germany,Female,1
568,64,1,183148.9715757419,2,0,0,41598.61616425414,Spain,Female,0
816,20,3,113489.62270986466,1,1,0,124991.22920884505,France,Female,0
591,44,9,79446.66029456482,2,0,0,84596.62949525555,Germany,Male,0
451,47,2,89003.21097079843,1,0,1,77406.41088195847,France,Female,0
693,47,1,12623.434140774203,3,1,0,186317.42236741306,Spain,Male,0
833,74,6,193750.46427231978,2,0,1,30696.31795961103,Germany,Male,0
790,27,1,62130.83701621656,1,0,1,199416.73320417246,Germany,Male,0
523,36,9,37872.69833457076,1,0,1,76445.88715721815,Germany,Female,0
604,29,8,57209.46036807906,4,0,0,130106.20587382233,France,Female,1
638,33,9,192874.63897829578,4,0,0,193613.43956518866,Spain,Female,0
511,74,9,18857.2106976014,4,1,1,12462.609025415983,Germany,Male,0
520,76,2,173460.60810023628,1,1,1,184650.00822211293,Spain,Female,0
506,20,2,141568.77888028955,2,0,0,113994.46568551431,France,Female,0
847,57,3,166003.83583180563,4,0,0,141174.978916513,France,Female,1
735,32,4,195179.50807357926,3,0,1,30687.65259338332,Spain,Male,0
778,29,8,168430.93110337437,1,0,1,107144.09873537542,France,Male,0
767,36,7,188676.47025557057,1,1,0,135029.2292303235,France,Female,0
831,30,6,25387.051358183955,2,0,0,91793.21417014868,Spain,Male,0
447,48,8,159157.71303339401,4,0,1,31842.050443105287,France,Male,0
796,79,6,109135.13881620955,1,0,1,49579.69594202975,France,Male,0
429,54,3,108699.11901597213,4,0,1,171024.1654077062,Germany,Male,0
613,62,4,179784.3152641027,3,0,0,7859.727573719793,France,Female,1
667,48,5,194360.76372934226,4,0,0,142063.55360972165,France,Male,0
561,18,0,140967.6646086362,4,1,1,199878.61726639085,France,Male,0
465,23,7,96587.67789435678,2,1,1,2489.1162252465565,France,Male,0
486,34,6,91280.77158036907,4,1,1,33048.09088116804,France,Male,0
771,33,7,77268.29144463636,1,0,0,135154.71587773378,Spain,Male,0
543,70,5,72319.80591453252,2,1,0,12938.176082484304,France,Female,0
539,70,7,78301.36833688628,1,1,0,118368.20678731592,France,Male,1
815,70,9,17950.647050239055,1,0,0,137116.02060865017,France,Male,0
464,57,5,15487.217052087643,1,0,1,118041.12327469996,Germany,Female,0
811,52,4,155973.96877446235,1,1,0,73671.75590119237,Spain,Female,0
814,58,1,89214.57858404523,1,0,1,139759.17690134115,Germany,Male,0
669,43,7,186136.8977089241,2,0,1,119264.59117475028,France,Female,0
474,59,9,122444.20171879049,1,1,1,42319.79724669003,France,Male,0
470,67,6,7035.196436883951,1,1,1,113063.97317343684,Germany,Male,1
528,65,8,31504.668263495892,4,1,0,176499.53621064656,France,Male,0
659,56,8,41163.95860260152,1,1,1,133699.82385239954,Spain,Female,0
469,21,7,195147.20487793212,1,1,0,94886.50997137558,Spain,Female,1
605,62,5,43740.84523032697,1,1,0,64995.236471020784,Germany,Male,1
451,40,0,103151.13525761027,1,0,0,18091.355678076998,Spain,Male,0
643,64,0,187235.38632803923,3,1,0,49680.799419046714,France,Female,0
409,51,2,195438.54598287147,4,1,1,3226.163864288501,France,Female,0
719,72,4,47272.087076708915,3,1,0,197338.55758746792,Spain,Female,1
424,38,7,9823.528750008027,3,1,0,45273.96817361925,Spain,Male,0
487,75,4,30720.3665075517,1,0,0,163160.31259438916,France,Male,1
478,70,0,12665.695740511617,4,0,0,34560.33147919074,Germany,Female,1
773,38,2,39024.848218467276,1,0,1,57436.62877150921,France,Female,0
424,47,9,113713.94294074707,3,0,0,84237.18652644499,Germany,Female,1
593,50,9,182489.75925912836,2,0,1,65556.7271641794,Spain,Male,1
666,65,3,107443.77673886801,4,1,0,159871.81173921237,Spain,Female,0
632,60,8,125197.91133981614,2,1,1,191580.9881950692,Germany,Female,0
706,70,7,40373.450321908225,3,0,0,175183.60224651886,Spain,Female,1
761,40,9,160116.72413477002,2,0,0,31561.995522603553,Germany,Male,1
577,49,8,123557.78170111665,3,1,0,155561.04659350877,Spain,Female,0
772,44,6,172827.36583854497,4,1,1,30441.435747637577,France,Female,0
543,74,3,189768.62140115682,3,1,1,182762.84020585817,Germany,Male,1
842,36,6,69580.15515131845,2,0,0,104057.8365580471,Germany,Female,0
627,54,3,18115.81170708787,2,0,1,67939.83652328464,Germany,Female,1
731,25,3,45185.79158335649,3,1,1,32248.073969504367,France,Male,0
793,70,6,87568.31313516744,2,0,0,3350.008547621918,France,Male,1
756,41,5,189138.73036489467,1,0,0,50341.45134051606,Spain,Female,0
783,39,5,75661.96447468305,2,0,1,182889.99259298106,France,Female,0
641,54,3,154154.642733074,1,0,1,159655.17626217328,Germany,Female,0
419,48,4,108095.338434151,1,0,1,193988.9478423932,Germany,Male,1
621,70,0,36561.75408619531,2,1,0,21051.542703153234,Germany,Male,0
481,50,6,64146.82379069032,4,0,0,118843.56995762822,France,Male,0
800,50,5,130638.37700456374,4,1,0,52172.94433212455,France,Male,0
506,24,9,134570.6789369787,2,1,0,109045.39944870908,France,Female,0
502,19,5,86951.94936180924,2,0,1,64770.52222712757,France,Male,1
512,42,4,45729.12053242293,1,0,0,57409.64449842815,France,Male,0
689,79,0,144381.35590253526,4,1,0,115195.2151028949,France,Female,1
657,74,1,33774.608322542954,1,1,0,37480.314212038524,France,Male,1
826,56,3,187333.93837302533,4,0,0,94357.55395745125,Spain,Male,0
587,57,3,37580.71580729534,4,0,1,130511.64074376292,Germany,Male,0
527,42,3,21462.472566504086,3,1,0,26508.232563378006,France,Male,0
422,29,3,99529.54047307576,2,0,1,186188.2599045039,Germany,Female,0
403,18,7,103909.91962193881,4,0,0,101639.21519137084,France,Female,0
568,39,1,101638.58295564896,3,0,0,164086.0664049841,Germany,Female,0
816,37,3,87333.49786776789,3,0,0,131127.1806935916,France,Male,0
635,29,1,198962.97856592166,4,1,1,142290.18730328657,France,Male,0
802,34,3,97256.12253411638,4,0,0,143510.05725757478,France,Female,0
445,19,6,95589.3161479662,1,0,0,175144.87951523304,Germany,Female,0
441,55,0,84353.21254291225,4,1,1,123107.4815743379,Germany,Female,0
775,75,3,13365.15094029258,4,0,1,56365.21319255653,Germany,Male,1
448,60,0,118591.32622992322,1,0,0,20802.418930225977,Germany,Female,0
423,45,9,45593.55444463649,2,1,1,121643.87327057816,Spain,Female,0
581,44,7,127521.79604580997,4,0,1,14204.207950345632,Spain,Female,0
816,37,2,10166.69238969543,1,1,0,49017.39688621651,Germany,Male,0
710,26,1,196277.42025060032,2,0,1,13080.729735780431,Germany,Female,1
444,55,0,93801.01580253444,3,0,0,110228.63021230685,Germany,Female,1
776,53,4,179351.07431813967,3,0,0,32907.28686363074,France,Female,1
779,18,7,95112.23464658696,4,1,1,122471.05656726118,Germany,Female,0
760,43,5,12066.163714844346,1,0,0,158382.16104179024,France,Female,1
806,35,8,164442.7092187614,2,0,1,164554.2634336006,Spain,Male,0
507,28,3,129636.74593342686,4,1,1,62599.15811938786,Germany,Male,0
840,61,2,156351.40951478903,3,0,0,110241.95200620471,Spain,Male,0
544,50,4,85633.97270177466,1,1,0,113039.14125718543,Spain,Male,1
760,57,2,127587.34884932899,2,0,0,95104.54924867915,Germany,Male,1
660,62,9,171245.8007593215,2,1,1,131367.6643935282,Spain,Female,1
750,78,1,126213.0885743775,3,0,0,42807.337640883175,Germany,Male,0
682,67,4,69534.72696718066,2,1,0,195869.40467777205,France,Female,1
689,56,5,132505.91887323998,3,0,1,20517.885591095554,France,Female,1
